org_id,n_deals,n_won,win_rate,avg_deal_value,total_revenue,org_country,pricelist,deal_rate_yr,clv_estimate
5343f32ba1caa737,684,460,0.672514619883041,814390.3733218844,329250955.3729179,6b7e1f5b521de19b,6f9a9c5f2856c8b3,114.0,124873190.57602228
0e8326ea14fff055,1115,905,0.8116591928251121,199607.00368015567,143962474.55960882,6b7e1f5b521de19b,6f9a9c5f2856c8b3,185.83333333333334,60214779.44351364
2d7554f5bf8d1482,298,277,0.9295302013422819,584229.382720165,139005655.04308665,6b7e1f5b521de19b,6f9a9c5f2856c8b3,49.666666666666664,53943846.33782856
d11d83fe5e17021b,259,213,0.8223938223938224,579871.5975039214,139973767.0239589,6b7e1f5b521de19b,6f9a9c5f2856c8b3,43.166666666666664,41170883.42277842
e91b7128462a6c3b,240,172,0.7166666666666667,508879.7240932049,96512770.37929685,6b7e1f5b521de19b,6f9a9c5f2856c8b3,40.0,29175770.848010417
fb9aa6b5578a2368,251,136,0.5418326693227091,519712.66369217855,67639604.50378324,6b7e1f5b521de19b,6f9a9c5f2856c8b3,41.833333333333336,23560307.420712095
1eb7832088f6686f,840,730,0.8690476190476191,83621.20499574562,43652321.46156341,6b7e1f5b521de19b,6f9a9c5f2856c8b3,140.0,20347826.54896477
4498d03d236e56b1,77,44,0.5714285714285714,1239084.559443435,71171841.24152865,6b7e1f5b521de19b,6f9a9c5f2856c8b3,12.833333333333334,18173240.205170378
f1a23b8047f72cfd,179,107,0.5977653631284916,493566.2607957898,66981205.38036117,6b7e1f5b521de19b,,29.833333333333332,17603863.301716503
a62ac3a3428b9dae,499,398,0.7975951903807615,120460.93271259057,36054910.182177566,6b7e1f5b521de19b,6f9a9c5f2856c8b3,83.16666666666667,15981150.406537019
1a618585be087497,83,65,0.7831325301204819,653303.9795936225,37546166.05536681,6b7e1f5b521de19b,6f9a9c5f2856c8b3,13.833333333333334,14154919.557861822
7ce7f665d455ebb6,188,152,0.8085106382978723,277565.48271210067,42654379.55599272,6b7e1f5b521de19b,6f9a9c5f2856c8b3,31.333333333333332,14063317.790746434
e0e1efdc0c20fb58,400,218,0.545,180108.01776831294,51681798.805712536,6b7e1f5b521de19b,6f9a9c5f2856c8b3,66.66666666666667,13087849.291164076
83f15719246a0923,95,48,0.5052631578947369,797524.5448662215,57712447.30349756,6b7e1f5b521de19b,6f9a9c5f2856c8b3,15.833333333333334,12760392.717859546
9fb0e455a4d9a202,25,18,0.72,1992603.3023343917,1467170.9620350068,6b7e1f5b521de19b,6f9a9c5f2856c8b3,4.166666666666667,11955619.814006351
70bed871409b3182,163,101,0.6196319018404908,330977.09210888325,44960375.88787711,6b7e1f5b521de19b,,27.166666666666668,11142895.434332402
ad453bb1d05d7e6f,75,55,0.7333333333333333,480297.4117260595,35753875.06411508,6b7e1f5b521de19b,6f9a9c5f2856c8b3,12.5,8805452.54831109
1ca3e039b042148d,103,51,0.49514563106796117,446437.40021624975,22186479.896586373,6b7e1f5b521de19b,d4f34f97b6d22a81,17.166666666666668,7589435.803676247
b7c70832de212a80,123,81,0.6585365853658537,272646.99846736615,7888552.412630668,38080774be85927f,28c9c64e5918b06e,20.5,7361468.958618886
795ae84926411a37,58,36,0.6206896551724138,559310.6280356339,25419088.38670845,6b7e1f5b521de19b,6f9a9c5f2856c8b3,9.666666666666666,6711727.536427607
8094b7901a614f85,95,80,0.8421052631578947,251123.36749191754,19484266.585554034,6b7e1f5b521de19b,6f9a9c5f2856c8b3,15.833333333333334,6696623.133117801
09d7831fd1a1b5e6,53,31,0.5849056603773585,637527.5771892327,27384658.573039457,6b7e1f5b521de19b,,8.833333333333334,6587784.964288738
11a8c3a7a61775f5,43,17,0.3953488372093023,1114558.9228833343,20287407.43358544,7545e34e09ae9cad,28c9c64e5918b06e,7.166666666666667,6315833.896338894
fbcb228393824a8b,59,39,0.6610169491525424,466001.07831976766,25140425.89245535,6b7e1f5b521de19b,,9.833333333333334,6058014.018156979
a0b8a322be765c84,222,165,0.7432432432432432,106724.42656408656,15431373.90963677,6b7e1f5b521de19b,d4f34f97b6d22a81,37.0,5869843.461024761
18822575a05491c1,193,139,0.7202072538860104,121374.73110256073,14557181.968314469,6b7e1f5b521de19b,6f9a9c5f2856c8b3,32.166666666666664,5623695.874418647
2ebf03f77355e58b,68,35,0.5147058823529411,477173.4950683375,19379088.329598136,674ec33189ed753c,,11.333333333333334,5567024.109130603
b708b96e366e2335,74,42,0.5675675675675675,356438.41208028735,18275109.316646483,6b7e1f5b521de19b,6f9a9c5f2856c8b3,12.333333333333334,4990137.769124023
89d5e4a5f199fd90,5,1,0.2,14548563.665715218,1711597.3344897556,a0d28553c7be77f0,,0.8333333333333334,4849521.221905073
a662b2878f279c00,63,42,0.6666666666666666,332344.26794672385,7675425.114870129,fc3655a0b667e091,28c9c64e5918b06e,10.5,4652819.751254134
413332535d58d81a,102,76,0.7450980392156863,178540.17186221326,7191625.037248797,6b7e1f5b521de19b,6f9a9c5f2856c8b3,17.0,4523017.687176069
21fd71be47245ef0,94,73,0.776595744680851,179769.2657836922,9427558.028004732,75c64824a2a4e380,28c9c64e5918b06e,15.666666666666666,4374385.467403176
33317d13729da76b,73,26,0.3561643835616438,484427.64797278744,11557315.822135357,674ec33189ed753c,,12.166666666666666,4198372.949097491
572c6f6c0f08f49e,131,103,0.7862595419847328,121781.69733886934,5803169.689107839,6b7e1f5b521de19b,6f9a9c5f2856c8b3,21.833333333333332,4181171.6086345143
12956790e5a93e6a,229,159,0.6943231441048034,78587.09444227636,13627600.966654003,6b7e1f5b521de19b,6f9a9c5f2856c8b3,38.166666666666664,4165116.005440647
a200ebe165ea82f1,306,241,0.7875816993464052,49758.19017172219,13598256.114512589,6b7e1f5b521de19b,6f9a9c5f2856c8b3,51.0,3997241.2771283495
697b48578cd4f32f,60,29,0.48333333333333334,399667.69841847563,16045914.945499208,062b9e5a52eb6d8e,28c9c64e5918b06e,10.0,3863454.4180452647
75be08928dce3e23,123,74,0.6016260162601627,147061.48768622734,7492459.043578235,6b7e1f5b521de19b,6f9a9c5f2856c8b3,20.5,3627516.696260275
db1d1facfbc70a5f,53,28,0.5283018867924528,367808.938364417,9282906.351320796,6b7e1f5b521de19b,6f9a9c5f2856c8b3,8.833333333333334,3432883.424734559
5dde3bde4f1d32c2,62,46,0.7419354838709677,220667.54045140164,6423999.598241457,75c64824a2a4e380,28c9c64e5918b06e,10.333333333333334,3383568.953588159
4cc17c231e1b1acd,96,79,0.8229166666666666,125843.83746150915,11907228.37894433,6b7e1f5b521de19b,6f9a9c5f2856c8b3,16.0,3313887.719819741
19f9d8bdb3b00fee,10,2,0.2,4922250.102321407,345648.9862661407,16450d61eee679f5,d4f34f97b6d22a81,1.6666666666666667,3281500.068214271
892f4de8fbfb2d3a,3,2,0.6666666666666666,4656865.503236962,605752.3101246804,6b7e1f5b521de19b,6f9a9c5f2856c8b3,0.5,3104577.002157974
93fe5d44bcc0fc11,7,3,0.42857142857142855,3077722.6260344544,48017.34471012428,95a23e7fbcc5841e,,1.1666666666666667,3077722.6260344544
07bf63e91c7ad59d,81,65,0.8024691358024691,135713.1836911766,8165763.866822521,6b7e1f5b521de19b,6f9a9c5f2856c8b3,13.5,2940452.313308826
2b2d2551812baae8,53,33,0.6226415094339622,264091.8499847256,12771384.658578435,6b7e1f5b521de19b,,8.833333333333334,2905010.3498319816
3b1d635c22d0c668,270,243,0.9,33566.455322168746,2226228.559541245,6b7e1f5b521de19b,d4f34f97b6d22a81,45.0,2718882.8810956688
79e5f5c57add5bec,96,19,0.19791666666666666,426834.1349495291,598001.8144379468,6b7e1f5b521de19b,6f9a9c5f2856c8b3,16.0,2703282.8546803505
6e060825b8e70d08,7,3,0.42857142857142855,2597007.25487656,264898.3926350949,75c64824a2a4e380,d4f34f97b6d22a81,1.1666666666666667,2597007.25487656
a549ba52e908a4ce,159,118,0.7421383647798742,65712.17975369723,8259121.748961046,6b7e1f5b521de19b,6f9a9c5f2856c8b3,26.5,2584679.0703120907
6659b5d4a0e1bcd5,58,45,0.7758620689655172,168660.87791979936,6407960.256069681,6b7e1f5b521de19b,6f9a9c5f2856c8b3,9.666666666666666,2529913.16879699
04a0dd928925bec3,69,35,0.5072463768115942,216033.41544941775,1242158.6083232616,6b7e1f5b521de19b,6f9a9c5f2856c8b3,11.5,2520389.846909874
b973f1bf92b92123,102,70,0.6862745098039216,106476.561275717,9335664.083391681,6b7e1f5b521de19b,6f9a9c5f2856c8b3,17.0,2484453.096433397
6813250ffc14998b,192,136,0.7083333333333334,54596.468041118154,5445134.791967748,255414ab73601d72,28c9c64e5918b06e,32.0,2475039.8845306896
f0e188f003adb334,15,9,0.6,822518.2326748825,4953586.034105298,6b7e1f5b521de19b,6f9a9c5f2856c8b3,2.5,2467554.698024648
7f9054433905cd86,43,25,0.5813953488372093,289885.2273965213,6932738.336543405,6b7e1f5b521de19b,6f9a9c5f2856c8b3,7.166666666666667,2415710.228304344
c4784ba39a7eee01,23,14,0.6086956521739131,510985.0832291572,5850002.605099651,ac07a4f1ad9a4f67,d4f34f97b6d22a81,3.8333333333333335,2384597.0550694005
6ae1818f7b5cc74e,45,39,0.8666666666666667,183273.90701933423,7397315.077051036,6b7e1f5b521de19b,6f9a9c5f2856c8b3,7.5,2382560.791251345
ee93ddf64b981f5e,104,70,0.6730769230769231,101244.13291113434,670656.4255384181,6b7e1f5b521de19b,6f9a9c5f2856c8b3,17.333333333333332,2362363.101259801
74aba84c84b3281b,3,2,0.6666666666666666,3410035.512594092,183751.17943104697,6b7e1f5b521de19b,6f9a9c5f2856c8b3,0.5,2273357.008396061
35dd617ed05c0c12,47,29,0.6170212765957447,229243.67066635445,8187522.184079762,6b7e1f5b521de19b,,7.833333333333333,2216022.1497747595
bf23b8124a6d44b3,18,18,1.0,349652.1110656303,6293737.999181345,6b7e1f5b521de19b,6f9a9c5f2856c8b3,3.0,2097912.6663937815
2a7b917f3dac70ba,59,44,0.7457627118644068,140601.7020253913,6046854.134736707,255414ab73601d72,28c9c64e5918b06e,9.833333333333334,2062158.296372406
2dc71bf33e1ca12c,16,10,0.625,616404.178005252,2545926.6437878544,6b7e1f5b521de19b,6f9a9c5f2856c8b3,2.6666666666666665,2054680.5933508398
47b3b2ddd7e4cca9,38,29,0.7631578947368421,207132.7388181835,4336435.919195677,75c64824a2a4e380,28c9c64e5918b06e,6.333333333333333,2002283.1419091073
afd704c1145f56c6,14,13,0.9285714285714286,458784.9175918672,6397886.092342781,6b7e1f5b521de19b,d4f34f97b6d22a81,2.3333333333333335,1988067.9762314248
dca0205e9598a29c,75,45,0.6,132242.9111213097,6729897.064315479,6b7e1f5b521de19b,6f9a9c5f2856c8b3,12.5,1983643.6668196453
67ebd071f13dfb28,123,95,0.7723577235772358,62310.278800457316,5910720.3651854955,6b7e1f5b521de19b,6f9a9c5f2856c8b3,20.5,1973158.8286811484
ad7a88a861fce77e,88,46,0.5227272727272727,128092.00880359588,6709300.147893682,6b7e1f5b521de19b,6f9a9c5f2856c8b3,14.666666666666666,1964077.4683218033
9922aa7fb153e35d,18,18,1.0,320530.27217541845,5769544.899157533,7b7c16a1b24ec3b8,28c9c64e5918b06e,3.0,1923181.6330525107
435a53554e4e5d91,25,20,0.8,287405.81912529055,6646171.349333401,6b7e1f5b521de19b,6f9a9c5f2856c8b3,4.166666666666667,1916038.7941686038
da78ceb2b13f0c1e,56,43,0.7678571428571429,133034.47857839675,6433947.203546851,6b7e1f5b521de19b,6f9a9c5f2856c8b3,9.333333333333334,1906827.5262903539
8884fa1d406439a5,134,73,0.5447761194029851,77409.11069075094,6529565.685255667,6b7e1f5b521de19b,6f9a9c5f2856c8b3,22.333333333333332,1883621.6934749396
3b6063227e9ba507,57,27,0.47368421052631576,207222.5620110035,833089.3587779253,6b7e1f5b521de19b,2095e0b55fdf3180,9.5,1865003.0580990314
82ed884df0499041,40,26,0.65,212103.46792918607,5411763.88844087,6b7e1f5b521de19b,6f9a9c5f2856c8b3,6.666666666666667,1838230.0553862792
3cd9f5244874bfea,36,24,0.6666666666666666,229716.16287885868,8194142.180988115,6b7e1f5b521de19b,6f9a9c5f2856c8b3,6.0,1837729.3030308695
f93597ca51ab6f15,102,76,0.7450980392156863,71683.82174203095,7081775.903421836,6b7e1f5b521de19b,6f9a9c5f2856c8b3,17.0,1815990.1507981175
fd11ad2246bd1cec,393,304,0.7735368956743003,17798.07082334196,6668728.591687541,6b7e1f5b521de19b,6f9a9c5f2856c8b3,65.5,1803537.8434319852
517c23d3f19cbcee,74,60,0.8108108108108109,89689.51451600534,5703450.760524767,ddbd249e57ed6b40,28c9c64e5918b06e,12.333333333333334,1793790.2903201068
c235293e81be2282,24,21,0.875,254790.44664881087,5664779.621733539,7b7c16a1b24ec3b8,28c9c64e5918b06e,4.0,1783533.126541676
6b8ed0daabf9426c,12,10,0.8333333333333334,534111.8455069035,5231899.135677805,1bb1bb990c53f4fc,28c9c64e5918b06e,2.0,1780372.818356345
76d19c55a5e8c6c6,106,66,0.6226415094339622,80831.08547206841,4492983.33767298,6b7e1f5b521de19b,6f9a9c5f2856c8b3,17.666666666666668,1778283.880385505
2c204d9cc824f0c1,112,70,0.625,75620.42738256967,5088372.716886078,6b7e1f5b521de19b,6f9a9c5f2856c8b3,18.666666666666668,1764476.638926626
bcbe3e28c6b90ee0,78,58,0.7435897435897436,90896.70940109258,5152135.175456001,6b7e1f5b521de19b,6f9a9c5f2856c8b3,13.0,1757336.3817544566
91bbfa6b038d0002,65,46,0.7076923076923077,114013.31726432506,6620698.104231768,6b7e1f5b521de19b,6f9a9c5f2856c8b3,10.833333333333334,1748204.1980529844
84861da1c324b746,73,55,0.7534246575342466,95338.42736651057,5723066.258812932,6b7e1f5b521de19b,6f9a9c5f2856c8b3,12.166666666666666,1747871.1683860272
d24152b760095a5b,50,27,0.54,191887.74926428834,6583041.85394615,6b7e1f5b521de19b,6f9a9c5f2856c8b3,8.333333333333334,1726989.7433785954
a77ec862d485e1a4,30,16,0.5333333333333333,318310.9717176095,691301.082492776,6b7e1f5b521de19b,6f9a9c5f2856c8b3,5.0,1697658.5158272507
f205afd951205388,49,29,0.5918367346938775,175422.154666833,4050920.6407203744,062b9e5a52eb6d8e,28c9c64e5918b06e,8.166666666666666,1695747.4951127188
0243956fe82f1c3f,43,22,0.5116279069767442,226454.80314088092,1662323.9948924412,6b7e1f5b521de19b,d4f34f97b6d22a81,7.166666666666667,1660668.5563664602
7c1ec1e6fc1e423f,177,122,0.6892655367231638,40671.5662382324,7033878.333987369,6b7e1f5b521de19b,6f9a9c5f2856c8b3,29.5,1653977.027021451
b98de7b73d0c3ae2,93,62,0.6666666666666666,79666.67390824827,3425227.285691526,6b7e1f5b521de19b,6f9a9c5f2856c8b3,15.5,1646444.5941037976
0524000a875e1c63,108,99,0.9166666666666666,49675.40457970104,5310959.120307556,e366e0e543d0c5cd,d4f34f97b6d22a81,18.0,1639288.3511301342
8e8651f611c8e64c,62,35,0.5645161290322581,140049.34238313307,5773164.260234109,6b7e1f5b521de19b,6f9a9c5f2856c8b3,10.333333333333334,1633908.994469886
5ac5e5f9118cbca0,9,4,0.4444444444444444,1214551.9861082255,10545605.355179902,6b7e1f5b521de19b,6f9a9c5f2856c8b3,1.5,1619402.6481443006
5afae8df578633f6,41,33,0.8048780487804879,146798.53971262623,5845986.2425709795,6b7e1f5b521de19b,6f9a9c5f2856c8b3,6.833333333333333,1614783.9368388886
4c6d5ba17b5f25a3,10,5,0.5,950654.1512480292,344922.6707117288,77c27bf8a409b6bb,28c9c64e5918b06e,1.6666666666666667,1584423.5854133822
524a1fc5ff006d90,7,3,0.42857142857142855,1576559.4312144928,149921.62961281,6b7e1f5b521de19b,d4f34f97b6d22a81,1.1666666666666667,1576559.4312144928
8c1b9f36111e975f,85,61,0.7176470588235294,73191.59576320881,2621649.74415934,6b7e1f5b521de19b,6f9a9c5f2856c8b3,14.166666666666666,1488229.1138519123
a9387b26975ff6dc,57,29,0.5087719298245614,153871.10765038422,4829004.385101089,6b7e1f5b521de19b,6f9a9c5f2856c8b3,9.5,1487420.7072870475
04b050b1a997b4d4,105,80,0.7619047619047619,55100.88024904922,3510211.7673395653,6b7e1f5b521de19b,6f9a9c5f2856c8b3,17.5,1469356.8066413125
3ead90daefcedab6,23,13,0.5652173913043478,336309.1553518769,943107.9293309223,6b7e1f5b521de19b,d4f34f97b6d22a81,3.8333333333333335,1457339.6731914666
487e046941d4e10a,38,18,0.47368421052631576,242549.77444298752,3320576.684124682,75c64824a2a4e380,28c9c64e5918b06e,6.333333333333333,1455298.6466579249
c42e8a3aae9f00d7,171,97,0.5672514619883041,44976.716504503995,5980814.122950486,6b7e1f5b521de19b,6f9a9c5f2856c8b3,28.5,1454247.1669789627
95278353a352f35a,65,33,0.5076923076923077,125123.28097689999,1392161.6930439617,6b7e1f5b521de19b,d4f34f97b6d22a81,10.833333333333334,1376356.0907458998
1124f603952be24a,45,35,0.7777777777777778,117509.06146820649,2882883.248030876,6b7e1f5b521de19b,6f9a9c5f2856c8b3,7.5,1370939.050462409
1eb159a12b0d7545,98,84,0.8571428571428571,48012.35114627513,3196481.5930934018,6b7e1f5b521de19b,6f9a9c5f2856c8b3,16.333333333333332,1344345.8320957033
ec5e10559afa17e9,218,182,0.8348623853211009,21367.318829948308,3759718.740056864,6b7e1f5b521de19b,d4f34f97b6d22a81,36.333333333333336,1296284.009016864
b5c8a9bb37b7a607,56,34,0.6071428571428571,112893.49820098387,2108988.588810687,6b7e1f5b521de19b,6f9a9c5f2856c8b3,9.333333333333334,1279459.6462778172
eb8af805614c0fc5,23,15,0.6521739130434783,252810.06545515748,4298815.037741591,6ab36d9b02cbcf6b,28c9c64e5918b06e,3.8333333333333335,1264050.3272757875
76ce033dcb2e4d50,279,255,0.9139784946236559,14802.197351650446,3415493.937080971,6b7e1f5b521de19b,d4f34f97b6d22a81,46.5,1258186.7748902878
5da52ed09b0549ef,145,90,0.6206896551724138,40888.55024425703,3813518.813296158,6b7e1f5b521de19b,6f9a9c5f2856c8b3,24.166666666666668,1226656.507327711
2323cd2e3ea7582f,52,31,0.5961538461538461,118100.40026650764,549489.3203392939,6b7e1f5b521de19b,d4f34f97b6d22a81,8.666666666666666,1220370.802753912
5aacbbadfffdd917,28,16,0.5714285714285714,220598.47592464785,2302695.941589101,7b7c16a1b24ec3b8,28c9c64e5918b06e,4.666666666666667,1176525.2049314552
376321940a162a81,160,99,0.61875,35268.844781180705,2363152.333178945,6b7e1f5b521de19b,6f9a9c5f2856c8b3,26.666666666666668,1163871.8777789634
adcfc989d3ce2a8d,35,21,0.6,165590.54628318056,845759.2401692333,6b7e1f5b521de19b,6f9a9c5f2856c8b3,5.833333333333333,1159133.8239822637
771d64c4fac404a8,5,2,0.4,1713307.0272640965,11453.001111345915,6b7e1f5b521de19b,,0.8333333333333334,1142204.684842731
21c41aafe9fbfcf3,35,23,0.6571428571428571,144749.59990757747,1962374.2418061083,6b7e1f5b521de19b,d4f34f97b6d22a81,5.833333333333333,1109746.9326247605
8b9c4b4808766f79,38,27,0.7105263157894737,123039.53343755963,4285681.530842373,e366e0e543d0c5cd,d4f34f97b6d22a81,6.333333333333333,1107355.8009380365
757f8e136e773ba6,30,26,0.8666666666666667,127048.02946570328,3673423.768540316,6b7e1f5b521de19b,d4f34f97b6d22a81,5.0,1101082.922036095
71e1c369999f1cd2,70,55,0.7857142857142857,59197.65405050077,3684182.62969454,6b7e1f5b521de19b,6f9a9c5f2856c8b3,11.666666666666666,1085290.3242591808
8e120efab8afe407,39,29,0.7435897435897436,111463.50797296215,2680890.3198520704,fc3655a0b667e091,,6.5,1077480.5770719675
31659b79c7d206e2,34,14,0.4117647058823529,227578.1101590891,1136983.8729318262,6b7e1f5b521de19b,d4f34f97b6d22a81,5.666666666666667,1062031.1807424158
c2349db61ad09118,27,18,0.6666666666666666,175290.84344772663,795495.2453394553,6b7e1f5b521de19b,d4f34f97b6d22a81,4.5,1051745.0606863596
66fed54cd134737f,47,25,0.5319148936170213,123804.3024585946,1550328.1610544357,6b7e1f5b521de19b,d4f34f97b6d22a81,7.833333333333333,1031702.5204882883
f639dbac8d7ec475,105,66,0.6285714285714286,46872.82683433195,2411688.8857850223,6b7e1f5b521de19b,6f9a9c5f2856c8b3,17.5,1031202.1903553029
8ee0f1f16186a75f,97,83,0.8556701030927835,37014.06054071758,3022580.418804205,fd10c5543bdbcbc9,d4f34f97b6d22a81,16.166666666666668,1024055.6749598532
7e3f55012d5f5c10,5,4,0.8,766765.2014486088,3743592.0662393803,6b7e1f5b521de19b,6f9a9c5f2856c8b3,0.8333333333333334,1022353.6019314785
1d166789e7169975,4,3,0.75,1015170.0259121925,191488.63563373653,6b7e1f5b521de19b,14bffcff0ab1f3dd,0.6666666666666666,1015170.0259121924
095a013d6f4da178,3,2,0.6666666666666666,1505577.3522190917,49643.153995678134,fd10c5543bdbcbc9,,0.5,1003718.2348127278
4dcbbefa2886a6e7,12,9,0.75,330886.8350786786,2192567.1312104515,6828ce51082c111b,,2.0,992660.5052360359
eb08cd649c08dbe6,14,7,0.5,420145.1847824682,2541.330609973923,6b7e1f5b521de19b,6f9a9c5f2856c8b3,2.3333333333333335,980338.7644924258
7f91a163c3fd8d52,5,3,0.6,957701.6640719173,57207.455813271445,52838e14fa2f9ca3,,0.8333333333333334,957701.6640719173
875d038fa1daabac,17,15,0.8823529411764706,190838.22426346852,3244247.4707518285,6b7e1f5b521de19b,,2.8333333333333335,954191.1213173426
21a800f9537c7661,14,9,0.6428571428571429,317726.4540365337,955985.3866044953,6b7e1f5b521de19b,,2.3333333333333335,953179.3621096013
e552bb0df7d3eb82,72,54,0.75,52511.86147978445,3524178.695302298,6b7e1f5b521de19b,6f9a9c5f2856c8b3,12.0,945213.5066361201
9ffcb8613964ce95,91,53,0.5824175824175825,52786.91633504146,1556361.5854302892,6b7e1f5b521de19b,6f9a9c5f2856c8b3,15.166666666666666,932568.8552523992
0b1dd9116da0250b,11,6,0.5454545454545454,459732.55920583964,4336374.586458374,6b7e1f5b521de19b,6f9a9c5f2856c8b3,1.8333333333333333,919465.1184116792
8fc56fef5a5f92b7,78,44,0.5641025641025641,62545.24948232166,4637004.941199985,6b7e1f5b521de19b,6f9a9c5f2856c8b3,13.0,917330.3257407177
edaa301a6e293ea9,57,31,0.543859649122807,87477.67648143716,4362005.697416407,6b7e1f5b521de19b,6f9a9c5f2856c8b3,9.5,903935.9903081841
1b1b3e6aa4a9bb90,48,31,0.6458333333333334,86128.7351235262,2261218.659636944,6b7e1f5b521de19b,6f9a9c5f2856c8b3,8.0,889996.9296097708
bc65bab7c24167fb,1,1,1.0,2621870.8541915976,2621870.8541915976,6b7e1f5b521de19b,6f9a9c5f2856c8b3,0.16666666666666666,873956.9513971992
0eb973e95657ebaa,28,13,0.4642857142857143,201135.90105731814,2704540.3355479385,6ab36d9b02cbcf6b,28c9c64e5918b06e,4.666666666666667,871588.904581712
9280c10fcf99f079,45,38,0.8444444444444444,68718.51272373032,2714326.4962004516,6b7e1f5b521de19b,6f9a9c5f2856c8b3,7.5,870434.4945005841
f8c7fa0ef66adb9d,71,50,0.704225352112676,51880.83370697956,1825353.2195216066,6b7e1f5b521de19b,6f9a9c5f2856c8b3,11.833333333333334,864680.5617829927
afc0621ed965a958,24,10,0.4166666666666667,254871.05543485194,3668463.587198931,6b7e1f5b521de19b,28c9c64e5918b06e,4.0,849570.1847828398
b523252aadfa8eca,85,68,0.8,37339.82801470798,2853812.723528779,6b7e1f5b521de19b,6f9a9c5f2856c8b3,14.166666666666666,846369.4350000476
695a58fda565b8d1,18,8,0.4444444444444444,317196.94824762805,2252833.0865855636,7545e34e09ae9cad,28c9c64e5918b06e,3.0,845858.5286603414
ef5ddb14aeaca561,34,29,0.8529411764705882,87415.38603590839,2348076.995364072,6b7e1f5b521de19b,6f9a9c5f2856c8b3,5.666666666666667,845015.3983471146
15be0399d52c925e,74,63,0.8513513513513513,39367.11442884062,2721840.865238847,6b7e1f5b521de19b,6f9a9c5f2856c8b3,12.333333333333334,826709.4030056531
ab567ed482858c81,45,31,0.6888888888888889,78416.86730521632,2661982.5847084983,6b7e1f5b521de19b,6f9a9c5f2856c8b3,7.5,810307.6288205686
317335c540164374,50,28,0.56,85761.19604576966,2540664.1863898523,6b7e1f5b521de19b,6f9a9c5f2856c8b3,8.333333333333334,800437.8297605169
d394e886606b4b63,65,56,0.8615384615384616,41604.34765546153,815871.0172702183,6b7e1f5b521de19b,d4f34f97b6d22a81,10.833333333333334,776614.4895686153
0d9945aa76459166,23,11,0.4782608695652174,206457.07834123823,323718.98137954215,6b7e1f5b521de19b,,3.8333333333333335,757009.2872512069
ecbf7b78165cb345,121,98,0.8099173553719008,22857.984614057452,1891035.1045477905,6b7e1f5b521de19b,,20.166666666666668,746694.1640592101
d4cd05d3f1a40651,16,7,0.4375,318980.9737557301,1977013.1127660845,75c64824a2a4e380,28c9c64e5918b06e,2.6666666666666665,744288.9387633702
4df36ad4bc04a904,40,30,0.75,74160.73745466859,1099401.3673189597,6b7e1f5b521de19b,6f9a9c5f2856c8b3,6.666666666666667,741607.374546686
758fb45bb787d6ad,2,1,0.5,2223485.8923736764,1.170863568534039,6b7e1f5b521de19b,,0.3333333333333333,741161.9641245587
a99a9882312ca286,8,5,0.625,442891.6908766266,25697.600031471582,bb25152d8e0211c1,28c9c64e5918b06e,1.3333333333333333,738152.818127711
18f4fbb344c0a18a,22,17,0.7727272727272727,130111.61489545622,1741026.0263104658,fc3655a0b667e091,28c9c64e5918b06e,3.6666666666666665,737299.1510742519
27f24ba0fb49f074,99,53,0.5353535353535354,41421.91230619716,1683642.4349552623,6b7e1f5b521de19b,d4f34f97b6d22a81,16.5,731787.1174094833
65fb5ed054666ce3,54,38,0.7037037037037037,57335.49307466819,2144636.5671816505,6b7e1f5b521de19b,6f9a9c5f2856c8b3,9.0,726249.5789457972
f277e3fc66c83bcb,4,1,0.25,2177286.630026605,75408.50385718422,6b7e1f5b521de19b,6f9a9c5f2856c8b3,0.6666666666666666,725762.2100088682
0ec9cd1231462a59,36,26,0.7222222222222222,82200.89414498558,2698151.048251416,062b9e5a52eb6d8e,,6.0,712407.7492565416
ec572ae239018379,34,25,0.7352941176470589,84429.3349929041,701083.8776177106,6b7e1f5b521de19b,6f9a9c5f2856c8b3,5.666666666666667,703577.7916075342
080134c91119c5e1,36,8,0.2222222222222222,258953.154741921,4787228.658265708,6b7e1f5b521de19b,d4f34f97b6d22a81,6.0,690541.745978456
3a4d511b49bcd2e8,7,4,0.5714285714285714,510500.06310128974,1444745.5448633735,255414ab73601d72,28c9c64e5918b06e,1.1666666666666667,680666.7508017197
b0ddd0eb3f1509b3,88,59,0.6704545454545454,34113.11575808154,2594349.2387433806,6b7e1f5b521de19b,6f9a9c5f2856c8b3,14.666666666666666,670891.2765756035
ebcac1e9f37914d1,56,41,0.7321428571428571,48636.803761564195,2516317.3741370463,6b7e1f5b521de19b,6f9a9c5f2856c8b3,9.333333333333334,664702.9847413773
391dec64e254fea9,13,4,0.3076923076923077,497684.80558703665,261323.03655401364,cca8e68b78e095c5,,2.1666666666666665,663579.7407827156
73345135f3cc00cb,32,27,0.84375,73664.39423363609,1076092.1898356061,6828ce51082c111b,d4f34f97b6d22a81,5.333333333333333,662979.5481027247
38196fb5187fdead,140,121,0.8642857142857143,16315.260602412905,2117926.745194854,6b7e1f5b521de19b,6f9a9c5f2856c8b3,23.333333333333332,658048.8442973206
f4ae767dfbc8e1f8,26,19,0.7307692307692307,101446.17093472587,682928.7652340664,6b7e1f5b521de19b,d4f34f97b6d22a81,4.333333333333333,642492.4159199304
6f4aaec79fa6ed6e,49,26,0.5306122448979592,73904.33259889261,2258331.5727461404,6b7e1f5b521de19b,,8.166666666666666,640504.2158570692
496305a0cbdecb3a,9,6,0.6666666666666666,316237.88932809775,47067.2769292952,6b7e1f5b521de19b,d4f34f97b6d22a81,1.5,632475.7786561955
6bd6d14327a283ec,13,3,0.23076923076923078,606810.9750701119,621406.6050012815,6b7e1f5b521de19b,d4f34f97b6d22a81,2.1666666666666665,606810.9750701119
a91563f7a83527c4,11,4,0.36363636363636365,441902.38167024706,718417.3979814893,16450d61eee679f5,,1.8333333333333333,589203.1755603293
520192ddd304c5b6,104,84,0.8076923076923077,19871.699673701405,784722.4231918913,6b7e1f5b521de19b,d4f34f97b6d22a81,17.333333333333332,556407.5908636394
dfbd28a8510acc5b,26,21,0.8076923076923077,79308.18345372105,1848556.270845778,d1650c60f1f48b67,d4f34f97b6d22a81,4.333333333333333,555157.2841760473
8daefb38e78754e5,159,121,0.7610062893081762,13693.25836706006,1588556.5685348236,6b7e1f5b521de19b,d4f34f97b6d22a81,26.5,552294.7541380891
b160ed3192ade069,33,27,0.8181818181818182,60905.39486627702,1973880.2695944977,6b7e1f5b521de19b,6f9a9c5f2856c8b3,5.5,548148.5537964932
d7605b80dde7fabe,5,3,0.6,533207.0455431223,45695.52506370355,d94a77dffd98d647,28c9c64e5918b06e,0.8333333333333334,533207.0455431223
0ee77ed4d97bc80f,7,6,0.8571428571428571,265483.0819440401,1845898.1593849622,a0d28553c7be77f0,28c9c64e5918b06e,1.1666666666666667,530966.1638880802
d03a264a270d2d4f,16,13,0.8125,122086.05274362478,1308005.1444067555,ddbd249e57ed6b40,d4f34f97b6d22a81,2.6666666666666665,529039.5618890406
ac2a3cfb7fb206c6,233,209,0.8969957081545065,7581.1121642253365,1673383.9040152472,6b7e1f5b521de19b,6f9a9c5f2856c8b3,38.833333333333336,528150.8141076985
81eb0bf70d217355,21,15,0.7142857142857143,102822.37881054015,2051052.0706523245,6b7e1f5b521de19b,,3.5,514111.8940527007
c900b953e88ba8e2,102,79,0.7745098039215687,19275.57026514465,1362020.6227775784,6b7e1f5b521de19b,d4f34f97b6d22a81,17.0,507590.01698214246
970f3ceab386e0ac,57,43,0.7543859649122807,34843.13669727513,1940265.063694322,6b7e1f5b521de19b,6f9a9c5f2856c8b3,9.5,499418.2926609435
a2e1fae77801335d,49,34,0.6938775510204082,44028.561713427865,1912005.9855335802,6b7e1f5b521de19b,d4f34f97b6d22a81,8.166666666666666,498990.3660855157
b18c34626250e7f0,21,17,0.8095238095238095,87242.8828668202,1305723.0771025242,6b7e1f5b521de19b,d4f34f97b6d22a81,3.5,494376.3362453145
b88645a3cf3f0456,54,35,0.6481481481481481,41921.117665281534,1085878.1868503604,6b7e1f5b521de19b,6f9a9c5f2856c8b3,9.0,489079.7060949512
690116c1ef7ee2bb,42,27,0.6428571428571429,53497.636966752834,2045950.8254056184,6b7e1f5b521de19b,6f9a9c5f2856c8b3,7.0,481478.73270077555
cd3d00b9d2c3f93b,49,33,0.673469387755102,42758.24901332399,389540.41330431576,6b7e1f5b521de19b,6f9a9c5f2856c8b3,8.166666666666666,470340.73914656386
17af4679154fcca5,13,8,0.6153846153846154,174233.7582934241,2178873.323807154,6b7e1f5b521de19b,6f9a9c5f2856c8b3,2.1666666666666665,464623.35544913093
f54c4c4497f208b1,8,5,0.625,278473.23532462236,1920855.6336935018,7b7c16a1b24ec3b8,28c9c64e5918b06e,1.3333333333333333,464122.05887437053
92d51efeaafdcaa8,58,48,0.8275862068965517,28649.11773149992,1173758.8667207852,6b7e1f5b521de19b,6f9a9c5f2856c8b3,9.666666666666666,458385.8837039987
9967b8dc152c6cbf,73,53,0.726027397260274,25625.2579639265,1318118.8180846253,6b7e1f5b521de19b,,12.166666666666666,452712.8906960348
20c57300e76ce98f,40,21,0.525,64651.018791132105,1705615.1683775962,6b7e1f5b521de19b,6f9a9c5f2856c8b3,6.666666666666667,452557.13153792475
4405ac8ed789123c,40,32,0.8,42351.95114829448,1465356.3308102833,6b7e1f5b521de19b,,6.666666666666667,451754.1455818079
cb985dbab1ff8e3f,14,13,0.9285714285714286,103377.23138552344,1445996.7185711567,6b7e1f5b521de19b,6f9a9c5f2856c8b3,2.3333333333333335,447968.00267060165
