responsible,n_deals,actual_wr,expected_wr,total_amount_M,outperformance
3cd5fda50d9bce36,55,0.9090909090909091,0.90288293,3.358095392513518,0.006207975474270877
68bf59b8fd0fb2e1,41,0.6341463414634146,0.6322101,4.637065802011856,0.0019362656081595153
ab987ee5a947e773,49,0.20408163265306123,0.2033193,1.4299217449104862,0.0007623364122546494
1473b4c4163229d8,242,0.6818181818181818,0.6814812,74.72066114813312,0.00033699924295593764
62352ad8ceef796d,235,0.4765957446808511,0.47631472,11.989446746163956,0.0002810211891823844
4dcd3aa7e2fa59c8,16,0.5625,0.56222117,3.0275437984101017,0.00027883052825927734
4e75da91ce610cbd,17,0.4117647058823529,0.41149467,13.284774577252794,0.0002700335839215251
460692f0a788d8fc,31,0.5483870967741935,0.5481724,1.4770859866586072,0.00021468247136757768
7b53bab77b82718a,165,0.8181818181818182,0.818004,16.41228914634369,0.0001778060739691112
436db10e22d2a62d,62,0.1935483870967742,0.19338384,11.398358400193434,0.00016454439009389032
9d7611aa2d3ef3e7,67,0.5223880597014925,0.5222251,46.14132286852485,0.00016297778086871162
b8a74afe21de04cc,126,0.4603174603174603,0.46019822,133.51955334857132,0.00011923672660946183
0ba9c21efae328f5,54,0.3148148148148148,0.31471115,1.3726032645806565,0.00010366130758215908
8b847baf9ccb1101,49,0.5102040816326531,0.5101051,2.5645299496243137,9.900818065722294e-05
03823f0d2250272c,16,0.5,0.49990457,3.254822128461088,9.542703628540039e-05
f4a297e5a381c270,31,0.5161290322580645,0.5160365,8.920397375559501,9.252179053520493e-05
67b08d5ce4e97a8a,109,0.5688073394495413,0.5687209,2.4402806906986676,8.646227897857184e-05
66fed54cd134737f,42,0.38095238095238093,0.38086712,30.429906914401908,8.525734856013045e-05
5ba828513a3124aa,394,0.8071065989847716,0.8070219,10.658915793507346,8.468307214337667e-05
d9bf88ee558c3451,259,0.38996138996138996,0.38988596,10.329328335100772,7.54279519600276e-05
7810aaa006f2c6e8,115,0.48695652173913045,0.48688418,7.22925834714416,7.234500802083543e-05
1d1184b703d3be2c,888,0.838963963963964,0.8388923,67.67031817048469,7.168290851355952e-05
5d53985722b18c63,184,0.6956521739130435,0.69558316,11.05373759817274,6.900922111841012e-05
49698b2da59d2793,204,0.2696078431372549,0.26953974,11.704235836053643,6.809947537439465e-05
9c01581fe36a30a5,1074,0.4227188081936685,0.4226528,40.501716977742106,6.599738167206715e-05
d8899a581b469ab1,43,0.4883720930232558,0.48830774,0.03783628086172392,6.434875865313217e-05
0df50dd4722ef131,1441,0.8348369188063844,0.8347754,133.46814170034656,6.153056557023362e-05
73c682dc5a74ff53,97,0.4742268041237113,0.4741653,13.822363344374525,6.15135296103686e-05
e91fd0043ca578da,66,0.7878787878787878,0.787819,2.6703051602753263,5.9759978092044364e-05
53135d0d81419d7a,147,0.5850340136054422,0.5849813,23.16959841697161,5.269131692897666e-05
2c331c2b11c9a33f,191,0.9790575916230366,0.9790062,0.5100052802201959,5.142039653516228e-05
b7f9c802c9c2c3e6,145,0.6413793103448275,0.64132893,2.3389260288856097,5.037949003017239e-05
8ad47278d9f5d9c8,197,0.41116751269035534,0.41111767,23.337029189199082,4.983977012829044e-05
634dc00dbc390bc0,73,0.5616438356164384,0.5615983,2.600708029881793,4.553468260048987e-05
fc3d5b986d6de0b6,42,0.5952380952380952,0.5951961,5.486726284529023,4.1967346554705465e-05
0cb5c522cd0ba7a4,18,1.0,0.99996346,0.02443131697502879,3.653764724731445e-05
1725639dfbf5eff6,622,0.7202572347266881,0.72022146,304.339160644003,3.577486111805417e-05
1482b05113ad67cf,239,0.5899581589958159,0.58992565,13.796849613834775,3.251221389455328e-05
72c697bbecb6b083,973,0.6742034943473793,0.6741711,118.5258418188805,3.2404221341653106e-05
63be3517fc2e9f5e,1460,0.4952054794520548,0.49517322,1.0300574999143781,3.226358596591927e-05
780ea7dfa8c96560,78,0.5897435897435898,0.58971363,49.776035307747556,2.9956683134435558e-05
48084acd5c7780e3,459,0.7668845315904139,0.76685566,170.47573183872146,2.8874489736430142e-05
30ed1b51efb9ccba,111,0.7117117117117117,0.7116842,12.61827374140592,2.748472196556495e-05
dd01b220db104e2d,30,0.5666666666666667,0.56664,0.5674874289249414,2.6647249857569832e-05
dc6044f59e4231e1,114,0.6052631578947368,0.6052377,18.863935383398886,2.5435497886250324e-05
525d39c7687a01be,1092,0.5347985347985348,0.53477365,72.06164419101977,2.488701334801835e-05
f324bd92890b7814,137,0.6715328467153284,0.6715099,1.9288402769312276,2.292516457769178e-05
f455ed364d29b6d0,1355,0.5830258302583026,0.58300406,2.029277906898995,2.1772850923418297e-05
bff09a29b948afd9,372,0.5806451612903226,0.58062345,15.174147010491078,2.1713395272571212e-05
2adb589c16f70dd0,120,0.55,0.54998,3.648260698897092,2.001523971562058e-05
aa2af03cd324b895,87,0.7586206896551724,0.75860155,8.05091519167465,1.9143367635754416e-05
abc73a1c9ad59850,518,0.7162162162162162,0.7161994,71.69584678233717,1.6818175444743844e-05
6133786a33bba91f,57,0.42105263157894735,0.42103603,4.244766324706191,1.659675648335579e-05
12c2e95fb1d03a4f,29,1.0,0.9999837,1.7116105881467087,1.627206802368164e-05
728f74a7b780fd8b,32,0.96875,0.9687339,6.25784905503088,1.609325408935547e-05
8848f5997309ccab,1448,0.7596685082872928,0.75965244,307.50029461678423,1.6072507721287543e-05
831ae51da38a0629,1117,0.594449418084154,0.5944343,1.252087134750341,1.5097157487709012e-05
7d727470db806e03,758,0.6807387862796834,0.6807246,84.75025371816392,1.4165460591630818e-05
4f0e40cb4229b152,457,0.5886214442013129,0.58860743,131.47620031310836,1.4013743244056798e-05
ea35e9b9096b2d90,447,0.5906040268456376,0.590592,47.1223731767067,1.2000135127365752e-05
7ff0c437d12a403a,15,0.3333333333333333,0.3333228,33.70274946657618,1.0540088017763072e-05
610b4621c39073b4,873,0.5532646048109966,0.55325407,0.34328175955415907,1.0536913199965525e-05
57d207b3b6b9e146,398,0.7085427135678392,0.70853305,100.82020383246592,9.664938078413066e-06
67ba63604e91310a,1142,0.5691768826619965,0.5691676,38.48979533569405,9.268678842211386e-06
842d38f2d4ca9bd3,525,0.6971428571428572,0.6971336,112.6599226289518,9.256431034665447e-06
447bd84fd4e3c66f,55,0.9636363636363636,0.9636282,0.1293726670003243,8.190761912940658e-06
37c842f99a950063,80,0.65,0.6499918,4.755710288448184,8.189678192160876e-06
07ecc3adf4d80bef,89,0.7640449438202247,0.76403767,19.28667178053723,7.275115238125629e-06
9bae48ed3bfb4d18,166,0.6204819277108434,0.6204753,8.448880171372583,6.635505032881461e-06
655fe305bb426462,145,0.5310344827586206,0.5310281,55.61252882190613,6.390851119419949e-06
f8b6f18f457b5118,56,0.5535714285714286,0.55356747,8.747980357310537,3.959451402968384e-06
8a4c2f62f9eb097e,480,0.6104166666666667,0.6104138,26.418922779249684,2.8769175212106646e-06
4916640f90300251,940,0.7606382978723404,0.76063585,104.93044046692187,2.44505861968225e-06
09f4c62972617d54,505,0.7386138613861386,0.7386137,15.070695788290665,1.3667758147484221e-07
50c0f05d24b327c8,48,0.5625,0.5625022,21.61837280498042,-2.205371856689453e-06
f5e6ba907cbce1d3,45,0.4222222222222222,0.42222598,6.314163068985023,-3.7597285376667067e-06
46a6c3c8d45f437e,105,0.8476190476190476,0.8476248,0.13789209681040612,-5.731128510988448e-06
18822575a05491c1,289,0.6055363321799307,0.6055426,29.695543682538204,-6.267974945961541e-06
b1805b6f9fb0309e,37,0.7837837837837838,0.78379047,0.779918799374264,-6.685385832927437e-06
d130f3f3f1f2a90f,401,0.9077306733167082,0.9077374,71.88611305764562,-6.700989016894532e-06
690e824204348d7d,248,0.6975806451612904,0.6975878,114.20542785300894,-7.14294372061719e-06
7b173f9ff638a5e0,16,0.75,0.7500084,0.5748492709263686,-8.404254913330078e-06
781792ba253b8d45,344,0.7325581395348837,0.7325667,463.7631802414561,-8.574751920509271e-06
ddaa38cf6118d6a1,51,0.5686274509803921,0.56863934,6.176264928788753,-1.1887036117874672e-05
4b4e7aa9d1b4264b,147,0.5306122448979592,0.5306301,53.96444650841791,-1.786679637671984e-05
d0d75806726a56d5,121,0.4132231404958678,0.41324145,78.602333434761,-1.8305522351214076e-05
9e271d581fe9a5f9,615,0.6991869918699187,0.69920677,60.65426357800105,-1.9777596481418414e-05
13e9b974b083387c,508,0.5374015748031497,0.5374231,123.36602378829015,-2.1499442303229976e-05
5d18314cb6437cb1,541,0.9944547134935305,0.9944774,0.5048793719373255,-2.2677749450417117e-05
9abdadbe0e79ffb0,139,0.8776978417266187,0.8777253,31.800578279742595,-2.7461446446497284e-05
acc2ad60b295c7d8,855,0.7777777777777778,0.7778079,134.02363946206856,-3.0113591088176683e-05
cbf8dd8b4b47540c,77,0.4935064935064935,0.49353865,14.627038392634924,-3.215438359743805e-05
914de968c25a0b03,51,0.6862745098039216,0.6863093,6.3502851565380265,-3.47682074004485e-05
aa551401d67d6c75,233,0.721030042918455,0.7210699,71.82138254930081,-3.982946084801764e-05
a058014489a3c2c5,357,0.5938375350140056,0.59388256,28.403227187327662,-4.502571597486682e-05
2ef34ff42835f2f5,21,0.3333333333333333,0.3333807,15.738494013035401,-4.736582438152892e-05
2948227e0c45da98,70,0.8714285714285714,0.8714761,7.680985107478783,-4.75423676626896e-05
65262337f20f817d,266,0.6203007518796992,0.62034833,48.048570541316586,-4.75824327397234e-05
72f39b27658cb2cb,29,0.4482758620689655,0.44833112,29.574643583821345,-5.5255561039357914e-05
320c57599a0d7184,122,0.7622950819672131,0.76235497,11.95758572773197,-5.988801111944664e-05
5b0f2d6b80c43d0a,146,0.8287671232876712,0.8288355,46.799660587373985,-6.836407805144162e-05
e2bd0ec40a790867,60,0.6666666666666666,0.6667422,6.281799402255001,-7.553895314538206e-05
493efc31b09f958f,448,0.4799107142857143,0.47998708,12.761005937780938,-7.637057985576678e-05
6b3f3eb121f08ad8,361,0.5623268698060941,0.56242174,24.559483998024444,-9.486929531576926e-05
f961cf09952eea8e,52,0.038461538461538464,0.038566574,11.58833703317318,-0.00010503599276909248
332ac2afa3a8ddec,281,0.49466192170818507,0.49478215,7.925255277504008,-0.00012022808353245873
07d3d0b1ecb6b511,33,0.45454545454545453,0.45468357,1.2151143680462062,-0.00013811750845477144
4a3c14631cf9d194,216,0.6759259259259259,0.67608225,43.0375370268857,-0.00015632753018979262
013d901ba859b228,1365,0.8139194139194139,0.8141428,270.74458948068474,-0.00022340929988540204
04db920f160dd6ba,51,0.9411764705882353,0.9415049,5.3338401775964535,-0.00032842509886799043
1c6e91fb92ea3dad,234,0.5170940170940171,0.5185163,46.73451484875093,-0.0014222850147475041
d048de7f739de0cb,88,0.2840909090909091,0.28627902,1.8410601659446024,-0.002188113602724917
